Project Name,Package Name,Type Name,Method Name,Code Smell
jsoup,org.jsoup.examples,HtmlToPlainText,main,Long Statement
jsoup,org.jsoup.examples,HtmlToPlainText,main,Magic Number
jsoup,org.jsoup.examples,HtmlToPlainText,main,Magic Number
jsoup,org.jsoup.examples,HtmlToPlainText,append,Complex Conditional
jsoup,org.jsoup.examples,FormattingVisitor,append,Complex Conditional
jsoup,org.jsoup.examples,ListLinks,main,Long Statement
jsoup,org.jsoup.examples,ListLinks,main,Magic Number
jsoup,org.jsoup.examples,ListLinks,main,Magic Number
jsoup,org.jsoup.helper,DataUtil,parseInputStream,Complex Method
jsoup,org.jsoup.helper,DataUtil,parseInputStream,Long Statement
jsoup,org.jsoup.helper,DataUtil,validateCharset,Empty catch clause
jsoup,org.jsoup.helper,DataUtil,detectCharsetFromBom,Complex Conditional
jsoup,org.jsoup.helper,DataUtil,detectCharsetFromBom,Complex Conditional
jsoup,org.jsoup.helper,DataUtil,detectCharsetFromBom,Complex Conditional
jsoup,org.jsoup.helper,DataUtil,detectCharsetFromBom,Long Statement
jsoup,org.jsoup.helper,DataUtil,detectCharsetFromBom,Magic Number
jsoup,org.jsoup.helper,DataUtil,detectCharsetFromBom,Magic Number
jsoup,org.jsoup.helper,DataUtil,detectCharsetFromBom,Magic Number
jsoup,org.jsoup.helper,DataUtil,detectCharsetFromBom,Magic Number
jsoup,org.jsoup.helper,DataUtil,detectCharsetFromBom,Magic Number
jsoup,org.jsoup.helper,DataUtil,detectCharsetFromBom,Magic Number
jsoup,org.jsoup.helper,DataUtil,detectCharsetFromBom,Magic Number
jsoup,org.jsoup.helper,DataUtil,detectCharsetFromBom,Magic Number
jsoup,org.jsoup.helper,DataUtil,detectCharsetFromBom,Magic Number
jsoup,org.jsoup.helper,DataUtil,detectCharsetFromBom,Magic Number
jsoup,org.jsoup.helper,DataUtil,detectCharsetFromBom,Magic Number
jsoup,org.jsoup.helper,DataUtil,detectCharsetFromBom,Magic Number
jsoup,org.jsoup.helper,DataUtil,detectCharsetFromBom,Magic Number
jsoup,org.jsoup.helper,DataUtil,detectCharsetFromBom,Magic Number
jsoup,org.jsoup.helper,DataUtil,detectCharsetFromBom,Magic Number
jsoup,org.jsoup.helper,DataUtil,detectCharsetFromBom,Magic Number
jsoup,org.jsoup.helper,DataUtil,detectCharsetFromBom,Magic Number
jsoup,org.jsoup.helper,HttpConnection,data,Magic Number
jsoup,org.jsoup.helper,HttpConnection,data,Magic Number
jsoup,org.jsoup.helper,HttpConnection,looksLikeUtf8,Complex Conditional
jsoup,org.jsoup.helper,HttpConnection,looksLikeUtf8,Complex Method
jsoup,org.jsoup.helper,HttpConnection,looksLikeUtf8,Magic Number
jsoup,org.jsoup.helper,HttpConnection,looksLikeUtf8,Magic Number
jsoup,org.jsoup.helper,HttpConnection,looksLikeUtf8,Magic Number
jsoup,org.jsoup.helper,HttpConnection,looksLikeUtf8,Magic Number
jsoup,org.jsoup.helper,HttpConnection,looksLikeUtf8,Magic Number
jsoup,org.jsoup.helper,HttpConnection,looksLikeUtf8,Magic Number
jsoup,org.jsoup.helper,HttpConnection,looksLikeUtf8,Magic Number
jsoup,org.jsoup.helper,HttpConnection,looksLikeUtf8,Magic Number
jsoup,org.jsoup.helper,HttpConnection,looksLikeUtf8,Magic Number
jsoup,org.jsoup.helper,HttpConnection,looksLikeUtf8,Magic Number
jsoup,org.jsoup.helper,HttpConnection,looksLikeUtf8,Magic Number
jsoup,org.jsoup.helper,HttpConnection,looksLikeUtf8,Magic Number
jsoup,org.jsoup.helper,HttpConnection,looksLikeUtf8,Magic Number
jsoup,org.jsoup.helper,HttpConnection,looksLikeUtf8,Magic Number
jsoup,org.jsoup.helper,HttpConnection,looksLikeUtf8,Magic Number
jsoup,org.jsoup.helper,HttpConnection,looksLikeUtf8,Magic Number
jsoup,org.jsoup.helper,HttpConnection,looksLikeUtf8,Magic Number
jsoup,org.jsoup.helper,HttpConnection,looksLikeUtf8,Magic Number
jsoup,org.jsoup.helper,HttpConnection,looksLikeUtf8,Magic Number
jsoup,org.jsoup.helper,HttpConnection,looksLikeUtf8,Magic Number
jsoup,org.jsoup.helper,HttpConnection,Request,Magic Number
jsoup,org.jsoup.helper,HttpConnection,Request,Magic Number
jsoup,org.jsoup.helper,HttpConnection,Request,Magic Number
jsoup,org.jsoup.helper,HttpConnection,Response,Long Statement
jsoup,org.jsoup.helper,HttpConnection,execute,Complex Conditional
jsoup,org.jsoup.helper,HttpConnection,execute,Complex Conditional
jsoup,org.jsoup.helper,HttpConnection,execute,Complex Conditional
jsoup,org.jsoup.helper,HttpConnection,execute,Complex Method
jsoup,org.jsoup.helper,HttpConnection,execute,Long Statement
jsoup,org.jsoup.helper,HttpConnection,execute,Long Statement
jsoup,org.jsoup.helper,HttpConnection,execute,Long Statement
jsoup,org.jsoup.helper,HttpConnection,execute,Long Statement
jsoup,org.jsoup.helper,HttpConnection,execute,Magic Number
jsoup,org.jsoup.helper,HttpConnection,execute,Magic Number
jsoup,org.jsoup.helper,HttpConnection,execute,Magic Number
jsoup,org.jsoup.helper,HttpConnection,execute,Magic Number
jsoup,org.jsoup.helper,HttpConnection,createConnection,Long Statement
jsoup,org.jsoup.helper,HttpConnection,createConnection,Long Statement
jsoup,org.jsoup.helper,HttpConnection,createConnection,Magic Number
jsoup,org.jsoup.helper,HttpConnection,safeClose,Empty catch clause
jsoup,org.jsoup.helper,HttpConnection,processResponseHeaders,Complex Method
jsoup,org.jsoup.helper,HttpConnection,serialiseRequestUrl,Long Statement
jsoup,org.jsoup.helper,Base,looksLikeUtf8,Complex Conditional
jsoup,org.jsoup.helper,Base,looksLikeUtf8,Complex Method
jsoup,org.jsoup.helper,Base,looksLikeUtf8,Magic Number
jsoup,org.jsoup.helper,Base,looksLikeUtf8,Magic Number
jsoup,org.jsoup.helper,Base,looksLikeUtf8,Magic Number
jsoup,org.jsoup.helper,Base,looksLikeUtf8,Magic Number
jsoup,org.jsoup.helper,Base,looksLikeUtf8,Magic Number
jsoup,org.jsoup.helper,Base,looksLikeUtf8,Magic Number
jsoup,org.jsoup.helper,Base,looksLikeUtf8,Magic Number
jsoup,org.jsoup.helper,Base,looksLikeUtf8,Magic Number
jsoup,org.jsoup.helper,Base,looksLikeUtf8,Magic Number
jsoup,org.jsoup.helper,Base,looksLikeUtf8,Magic Number
jsoup,org.jsoup.helper,Base,looksLikeUtf8,Magic Number
jsoup,org.jsoup.helper,Base,looksLikeUtf8,Magic Number
jsoup,org.jsoup.helper,Base,looksLikeUtf8,Magic Number
jsoup,org.jsoup.helper,Base,looksLikeUtf8,Magic Number
jsoup,org.jsoup.helper,Base,looksLikeUtf8,Magic Number
jsoup,org.jsoup.helper,Base,looksLikeUtf8,Magic Number
jsoup,org.jsoup.helper,Base,looksLikeUtf8,Magic Number
jsoup,org.jsoup.helper,Base,looksLikeUtf8,Magic Number
jsoup,org.jsoup.helper,Base,looksLikeUtf8,Magic Number
jsoup,org.jsoup.helper,Base,looksLikeUtf8,Magic Number
jsoup,org.jsoup.helper,Request,Request,Magic Number
jsoup,org.jsoup.helper,Request,Request,Magic Number
jsoup,org.jsoup.helper,Request,Request,Magic Number
jsoup,org.jsoup.helper,Response,Response,Long Statement
jsoup,org.jsoup.helper,Response,execute,Complex Conditional
jsoup,org.jsoup.helper,Response,execute,Complex Conditional
jsoup,org.jsoup.helper,Response,execute,Complex Conditional
jsoup,org.jsoup.helper,Response,execute,Complex Method
jsoup,org.jsoup.helper,Response,execute,Long Statement
jsoup,org.jsoup.helper,Response,execute,Long Statement
jsoup,org.jsoup.helper,Response,execute,Long Statement
jsoup,org.jsoup.helper,Response,execute,Long Statement
jsoup,org.jsoup.helper,Response,execute,Magic Number
jsoup,org.jsoup.helper,Response,execute,Magic Number
jsoup,org.jsoup.helper,Response,execute,Magic Number
jsoup,org.jsoup.helper,Response,execute,Magic Number
jsoup,org.jsoup.helper,Response,createConnection,Long Statement
jsoup,org.jsoup.helper,Response,createConnection,Long Statement
jsoup,org.jsoup.helper,Response,createConnection,Magic Number
jsoup,org.jsoup.helper,Response,safeClose,Empty catch clause
jsoup,org.jsoup.helper,Response,processResponseHeaders,Complex Method
jsoup,org.jsoup.helper,Response,serialiseRequestUrl,Long Statement
jsoup,org.jsoup.helper,W3CDom,head,Long Statement
jsoup,org.jsoup.helper,W3CBuilder,head,Long Statement
jsoup,org.jsoup.helper,DataUtilTest,wrongMetaCharsetFallback,Long Statement
jsoup,org.jsoup.helper,DataUtilTest,secondMetaElementWithContentTypeContainsCharsetParameter,Long Statement
jsoup,org.jsoup.helper,DataUtilTest,firstMetaElementWithCharsetShouldBeUsedForDecoding,Long Statement
jsoup,org.jsoup.helper,DataUtilTest,supportsXmlCharsetDeclaration,Long Statement
jsoup,org.jsoup.helper,HttpConnectionTest,multipleHeaders,Magic Number
jsoup,org.jsoup.helper,HttpConnectionTest,ignoresEmptyCookieNameAndVals,Magic Number
jsoup,org.jsoup.helper,HttpConnectionTest,timeout,Magic Number
jsoup,org.jsoup.helper,HttpConnectionTest,timeout,Magic Number
jsoup,org.jsoup.helper,HttpConnectionTest,timeout,Magic Number
jsoup,org.jsoup.helper,HttpConnectionTest,timeout,Magic Number
jsoup,org.jsoup.helper,W3CDomTest,simpleConversion,Long Statement
jsoup,org.jsoup.helper,W3CDomTest,simpleConversion,Long Statement
jsoup,org.jsoup.helper,W3CDomTest,namespacePreservation,Magic Number
jsoup,org.jsoup.helper,W3CDomTest,namespacePreservation,Magic Number
jsoup,org.jsoup.internal,ConstrainableInputStream,wrap,Long Statement
jsoup,org.jsoup.internal,ConstrainableInputStream,read,Complex Conditional
jsoup,org.jsoup.internal,ConstrainableInputStream,timeout,Magic Number
jsoup,org.jsoup.internal,StringUtil,isActuallyWhitespace,Magic Number
jsoup,org.jsoup.internal,StringUtil,isInvisibleChar,Magic Number
jsoup,org.jsoup.internal,StringUtil,isInvisibleChar,Magic Number
jsoup,org.jsoup.internal,StringUtil,isInvisibleChar,Magic Number
jsoup,org.jsoup.internal,StringUtil,isInvisibleChar,Magic Number
jsoup,org.jsoup.internal,StringUtil,isInvisibleChar,Magic Number
jsoup,org.jsoup.internal,StringUtil,appendNormalisedWhitespace,Complex Conditional
jsoup,org.jsoup.internal,ConstrainableInputStreamTest,remainingAfterFirstRead,Magic Number
jsoup,org.jsoup.internal,ConstrainableInputStreamTest,remainingAfterFirstRead,Magic Number
jsoup,org.jsoup.internal,ConstrainableInputStreamTest,remainingAfterFirstRead,Magic Number
jsoup,org.jsoup.internal,ConstrainableInputStreamTest,remainingAfterFirstRead,Magic Number
jsoup,org.jsoup.internal,ConstrainableInputStreamTest,noLimitAfterFirstRead,Magic Number
jsoup,org.jsoup.internal,ConstrainableInputStreamTest,noLimitAfterFirstRead,Magic Number
jsoup,org.jsoup.internal,ConstrainableInputStreamTest,noLimitAfterFirstRead,Magic Number
jsoup,org.jsoup.internal,StringUtilTest,padding,Magic Number
jsoup,org.jsoup.internal,StringUtilTest,padding,Magic Number
jsoup,org.jsoup.internal,StringUtilTest,padding,Magic Number
jsoup,org.jsoup.internal,StringUtilTest,paddingInACan,Magic Number
jsoup,org.jsoup.internal,StringUtilTest,normaliseWhiteSpaceHandlesHighSurrogates,Long Identifier
jsoup,org.jsoup.nodes,Attribute,shouldCollapseAttribute,Long Statement
jsoup,org.jsoup.nodes,Attribute,hashCode,Magic Number
jsoup,org.jsoup.nodes,Attributes,hashCode,Magic Number
jsoup,org.jsoup.nodes,Attributes,hashCode,Magic Number
jsoup,org.jsoup.nodes,Attributes,deduplicate,Complex Conditional
jsoup,org.jsoup.nodes,Document,ensureMetaCharsetElement,Complex Method
jsoup,org.jsoup.nodes,DocumentType,DocumentType,Long Parameter List
jsoup,org.jsoup.nodes,DocumentType,outerHtmlHead,Complex Conditional
jsoup,org.jsoup.nodes,Element,ensureChildNodes,Magic Number
jsoup,org.jsoup.nodes,Element,cssSelector,Long Statement
jsoup,org.jsoup.nodes,Element,text,Complex Conditional
jsoup,org.jsoup.nodes,Element,text,Complex Conditional
jsoup,org.jsoup.nodes,Element,text,Long Statement
jsoup,org.jsoup.nodes,Element,text,Long Statement
jsoup,org.jsoup.nodes,Element,head,Complex Conditional
jsoup,org.jsoup.nodes,Element,head,Long Statement
jsoup,org.jsoup.nodes,Element,tail,Complex Conditional
jsoup,org.jsoup.nodes,Element,tail,Long Statement
jsoup,org.jsoup.nodes,Element,preserveWhitespace,Magic Number
jsoup,org.jsoup.nodes,Element,hasClass,Complex Method
jsoup,org.jsoup.nodes,Element,outerHtmlHead,Complex Conditional
jsoup,org.jsoup.nodes,Element,outerHtmlHead,Long Statement
jsoup,org.jsoup.nodes,Element,outerHtmlTail,Complex Conditional
jsoup,org.jsoup.nodes,Element,outerHtmlTail,Long Statement
jsoup,org.jsoup.nodes,Entities,codepointsForName,Magic Number
jsoup,org.jsoup.nodes,Entities,escape,Complex Conditional
jsoup,org.jsoup.nodes,Entities,escape,Complex Method
jsoup,org.jsoup.nodes,Entities,escape,Long Parameter List
jsoup,org.jsoup.nodes,Entities,escape,Magic Number
jsoup,org.jsoup.nodes,Entities,escape,Missing default
jsoup,org.jsoup.nodes,Entities,canEncode,Magic Number
jsoup,org.jsoup.nodes,Entities,canEncode,Missing default
jsoup,org.jsoup.nodes,Entities,load,Magic Number
jsoup,org.jsoup.nodes,FormElement,formData,Complex Method
jsoup,org.jsoup.nodes,TextNode,outerHtmlHead,Complex Conditional
jsoup,org.jsoup.nodes,TextNode,outerHtmlHead,Long Statement
jsoup,org.jsoup.nodes,AttributesTest,html,Magic Number
jsoup,org.jsoup.nodes,AttributesTest,testIteratorRemovable,Magic Number
jsoup,org.jsoup.nodes,AttributesTest,testIteratorRemovable,Magic Number
jsoup,org.jsoup.nodes,AttributesTest,testIteratorHasNext,Magic Number
jsoup,org.jsoup.nodes,AttributesTest,removeCaseSensitive,Magic Number
jsoup,org.jsoup.nodes,AttributesTest,removeCaseSensitive,Magic Number
jsoup,org.jsoup.nodes,AttributeTest,testWithSupplementaryCharacterInAttributeKeyAndValue,Magic Number
jsoup,org.jsoup.nodes,BuildEntities,compare,Magic Number
jsoup,org.jsoup.nodes,BuildEntities,compare,Magic Number
jsoup,org.jsoup.nodes,ByCode,compare,Magic Number
jsoup,org.jsoup.nodes,ByCode,compare,Magic Number
jsoup,org.jsoup.nodes,DocumentTest,testNormalisesStructure,Long Statement
jsoup,org.jsoup.nodes,DocumentTest,testNormalisesStructure,Long Statement
jsoup,org.jsoup.nodes,DocumentTest,testClone,Long Statement
jsoup,org.jsoup.nodes,DocumentTest,testClone,Long Statement
jsoup,org.jsoup.nodes,DocumentTest,testClone,Long Statement
jsoup,org.jsoup.nodes,DocumentTest,testClonesDeclarations,Long Statement
jsoup,org.jsoup.nodes,DocumentTest,testHtmlAndXmlSyntax,Long Statement
jsoup,org.jsoup.nodes,DocumentTest,testHtmlAndXmlSyntax,Long Statement
jsoup,org.jsoup.nodes,DocumentTest,testOverflowClone,Magic Number
jsoup,org.jsoup.nodes,DocumentTest,testMetaCharsetUpdateUtf8,Long Statement
jsoup,org.jsoup.nodes,DocumentTest,testMetaCharsetUpdateIso8859,Long Statement
jsoup,org.jsoup.nodes,DocumentTest,testMetaCharsetUpdateNoCharset,Long Statement
jsoup,org.jsoup.nodes,DocumentTest,testMetaCharsetUpdateDisabledNoChanges,Long Statement
jsoup,org.jsoup.nodes,DocumentTest,testMetaCharsetUpdateCleanup,Long Statement
jsoup,org.jsoup.nodes,DocumentTest,testMetaCharsetUpdateXmlUtf8,Long Statement
jsoup,org.jsoup.nodes,DocumentTest,testMetaCharsetUpdateXmlIso8859,Long Statement
jsoup,org.jsoup.nodes,DocumentTest,testMetaCharsetUpdateXmlNoCharset,Long Statement
jsoup,org.jsoup.nodes,DocumentTest,testShiftJisRoundtrip,Long Statement
jsoup,org.jsoup.nodes,DocumentTypeTest,outerHtmlGeneration,Long Statement
jsoup,org.jsoup.nodes,DocumentTypeTest,testRoundTrip,Long Statement
jsoup,org.jsoup.nodes,ElementTest,getElementsByTagName,Magic Number
jsoup,org.jsoup.nodes,ElementTest,getElementsByTagName,Magic Number
jsoup,org.jsoup.nodes,ElementTest,testGetParents,Magic Number
jsoup,org.jsoup.nodes,ElementTest,testGetParents,Magic Number
jsoup,org.jsoup.nodes,ElementTest,testGetParents,Magic Number
jsoup,org.jsoup.nodes,ElementTest,testElementSiblingIndex,Magic Number
jsoup,org.jsoup.nodes,ElementTest,testElementSiblingIndex,Magic Number
jsoup,org.jsoup.nodes,ElementTest,testElementSiblingIndexSameContent,Magic Number
jsoup,org.jsoup.nodes,ElementTest,testElementSiblingIndexSameContent,Magic Number
jsoup,org.jsoup.nodes,ElementTest,testGetElementsWithClass,Long Statement
jsoup,org.jsoup.nodes,ElementTest,testGetElementsWithClass,Magic Number
jsoup,org.jsoup.nodes,ElementTest,testGetElementsWithClass,Magic Number
jsoup,org.jsoup.nodes,ElementTest,testGetElementsWithAttribute,Magic Number
jsoup,org.jsoup.nodes,ElementTest,testGetElementsWithAttributeDash,Long Statement
jsoup,org.jsoup.nodes,ElementTest,testClassDomMethods,Magic Number
jsoup,org.jsoup.nodes,ElementTest,testOuterHtml,Long Statement
jsoup,org.jsoup.nodes,ElementTest,testFormatHtml,Long Statement
jsoup,org.jsoup.nodes,ElementTest,testFormatHtml,Long Statement
jsoup,org.jsoup.nodes,ElementTest,testFormatOutline,Long Statement
jsoup,org.jsoup.nodes,ElementTest,testFormatOutline,Long Statement
jsoup,org.jsoup.nodes,ElementTest,testAddNewElement,Long Statement
jsoup,org.jsoup.nodes,ElementTest,testAppendRowToTable,Long Statement
jsoup,org.jsoup.nodes,ElementTest,testPrependRowToTable,Long Statement
jsoup,org.jsoup.nodes,ElementTest,testWrap,Long Statement
jsoup,org.jsoup.nodes,ElementTest,before,Long Statement
jsoup,org.jsoup.nodes,ElementTest,before,Long Statement
jsoup,org.jsoup.nodes,ElementTest,after,Long Statement
jsoup,org.jsoup.nodes,ElementTest,after,Long Statement
jsoup,org.jsoup.nodes,ElementTest,testWrapWithRemainder,Long Statement
jsoup,org.jsoup.nodes,ElementTest,dataset,Magic Number
jsoup,org.jsoup.nodes,ElementTest,dataset,Magic Number
jsoup,org.jsoup.nodes,ElementTest,dataset,Magic Number
jsoup,org.jsoup.nodes,ElementTest,dataset,Magic Number
jsoup,org.jsoup.nodes,ElementTest,testClone,Long Statement
jsoup,org.jsoup.nodes,ElementTest,testClonesClassnames,Magic Number
jsoup,org.jsoup.nodes,ElementTest,testClonesClassnames,Magic Number
jsoup,org.jsoup.nodes,ElementTest,testGetTextNodes,Magic Number
jsoup,org.jsoup.nodes,ElementTest,testGetTextNodes,Magic Number
jsoup,org.jsoup.nodes,ElementTest,testManipulateTextNodes,Magic Number
jsoup,org.jsoup.nodes,ElementTest,testManipulateTextNodes,Magic Number
jsoup,org.jsoup.nodes,ElementTest,testManipulateTextNodes,Magic Number
jsoup,org.jsoup.nodes,ElementTest,elementIsNotASiblingOfItself,Magic Number
jsoup,org.jsoup.nodes,ElementTest,testChildThrowsIndexOutOfBoundsOnMissing,Empty catch clause
jsoup,org.jsoup.nodes,ElementTest,testChildThrowsIndexOutOfBoundsOnMissing,Magic Number
jsoup,org.jsoup.nodes,ElementTest,testChildThrowsIndexOutOfBoundsOnMissing,Magic Number
jsoup,org.jsoup.nodes,ElementTest,moveByAppend,Magic Number
jsoup,org.jsoup.nodes,ElementTest,moveByAppend,Magic Number
jsoup,org.jsoup.nodes,ElementTest,moveByAppend,Magic Number
jsoup,org.jsoup.nodes,ElementTest,insertChildrenArgumentValidation,Empty catch clause
jsoup,org.jsoup.nodes,ElementTest,insertChildrenArgumentValidation,Empty catch clause
jsoup,org.jsoup.nodes,ElementTest,insertChildrenArgumentValidation,Empty catch clause
jsoup,org.jsoup.nodes,ElementTest,insertChildrenArgumentValidation,Magic Number
jsoup,org.jsoup.nodes,ElementTest,insertChildrenArgumentValidation,Magic Number
jsoup,org.jsoup.nodes,ElementTest,insertChildrenAtPosition,Magic Number
jsoup,org.jsoup.nodes,ElementTest,insertChildrenAtPosition,Magic Number
jsoup,org.jsoup.nodes,ElementTest,insertChildrenAtPosition,Magic Number
jsoup,org.jsoup.nodes,ElementTest,insertChildrenAtPosition,Magic Number
jsoup,org.jsoup.nodes,ElementTest,insertChildrenAtPosition,Magic Number
jsoup,org.jsoup.nodes,ElementTest,insertChildrenAtPosition,Magic Number
jsoup,org.jsoup.nodes,ElementTest,insertChildrenAtPosition,Magic Number
jsoup,org.jsoup.nodes,ElementTest,insertChildrenAtPosition,Magic Number
jsoup,org.jsoup.nodes,ElementTest,insertChildrenAtPosition,Magic Number
jsoup,org.jsoup.nodes,ElementTest,insertChildrenAsCopy,Long Statement
jsoup,org.jsoup.nodes,ElementTest,insertChildrenAsCopy,Magic Number
jsoup,org.jsoup.nodes,ElementTest,insertChildrenAsCopy,Magic Number
jsoup,org.jsoup.nodes,ElementTest,testCssPath,Magic Number
jsoup,org.jsoup.nodes,ElementTest,testClassNames,Magic Number
jsoup,org.jsoup.nodes,ElementTest,testClassNames,Magic Number
jsoup,org.jsoup.nodes,ElementTest,testClassNames,Magic Number
jsoup,org.jsoup.nodes,ElementTest,testClassNames,Magic Number
jsoup,org.jsoup.nodes,ElementTest,testClassNames,Magic Number
jsoup,org.jsoup.nodes,ElementTest,testHashAndEqualsAndValue,Long Statement
jsoup,org.jsoup.nodes,ElementTest,testHashAndEqualsAndValue,Magic Number
jsoup,org.jsoup.nodes,ElementTest,testHashAndEqualsAndValue,Magic Number
jsoup,org.jsoup.nodes,ElementTest,testHashAndEqualsAndValue,Magic Number
jsoup,org.jsoup.nodes,ElementTest,testHashAndEqualsAndValue,Magic Number
jsoup,org.jsoup.nodes,ElementTest,testHashAndEqualsAndValue,Magic Number
jsoup,org.jsoup.nodes,ElementTest,testHashAndEqualsAndValue,Magic Number
jsoup,org.jsoup.nodes,ElementTest,testHashAndEqualsAndValue,Magic Number
jsoup,org.jsoup.nodes,ElementTest,testRelativeUrls,Long Statement
jsoup,org.jsoup.nodes,ElementTest,testRelativeUrls,Magic Number
jsoup,org.jsoup.nodes,ElementTest,testRelativeUrls,Magic Number
jsoup,org.jsoup.nodes,ElementTest,testRelativeUrls,Magic Number
jsoup,org.jsoup.nodes,ElementTest,testChildrenElements,Magic Number
jsoup,org.jsoup.nodes,ElementTest,testChildrenElements,Magic Number
jsoup,org.jsoup.nodes,ElementTest,testChildrenElements,Magic Number
jsoup,org.jsoup.nodes,ElementTest,testShadowElementsAreUpdated,Long Statement
jsoup,org.jsoup.nodes,ElementTest,testShadowElementsAreUpdated,Magic Number
jsoup,org.jsoup.nodes,ElementTest,testShadowElementsAreUpdated,Magic Number
jsoup,org.jsoup.nodes,ElementTest,testShadowElementsAreUpdated,Magic Number
jsoup,org.jsoup.nodes,ElementTest,testShadowElementsAreUpdated,Magic Number
jsoup,org.jsoup.nodes,ElementTest,testShadowElementsAreUpdated,Magic Number
jsoup,org.jsoup.nodes,ElementTest,testShadowElementsAreUpdated,Magic Number
jsoup,org.jsoup.nodes,ElementTest,testShadowElementsAreUpdated,Magic Number
jsoup,org.jsoup.nodes,ElementTest,testShadowElementsAreUpdated,Magic Number
jsoup,org.jsoup.nodes,ElementTest,testShadowElementsAreUpdated,Magic Number
jsoup,org.jsoup.nodes,ElementTest,testNormalizesNbspInText,Magic Number
jsoup,org.jsoup.nodes,ElementTest,testNormalizesNbspInText,Magic Number
jsoup,org.jsoup.nodes,ElementTest,testRemoveBeforeIndex,Long Statement
jsoup,org.jsoup.nodes,ElementTest,testRemoveAfterIndex,Long Statement
jsoup,org.jsoup.nodes,ElementTest,testNextElementSiblings,Long Statement
jsoup,org.jsoup.nodes,ElementTest,testNextElementSiblings,Magic Number
jsoup,org.jsoup.nodes,ElementTest,testPreviousElementSiblings,Long Statement
jsoup,org.jsoup.nodes,ElementTest,testPreviousElementSiblings,Magic Number
jsoup,org.jsoup.nodes,ElementTest,testTraverse,Magic Number
jsoup,org.jsoup.nodes,EntitiesTest,xhtml,Magic Number
jsoup,org.jsoup.nodes,EntitiesTest,xhtml,Magic Number
jsoup,org.jsoup.nodes,EntitiesTest,xhtml,Magic Number
jsoup,org.jsoup.nodes,EntitiesTest,xhtml,Magic Number
jsoup,org.jsoup.nodes,EntitiesTest,xhtml,Magic Number
jsoup,org.jsoup.nodes,EntitiesTest,xhtml,Magic Number
jsoup,org.jsoup.nodes,EntitiesTest,xhtml,Magic Number
jsoup,org.jsoup.nodes,EntitiesTest,xhtml,Magic Number
jsoup,org.jsoup.nodes,EntitiesTest,escapeSupplementaryCharacter,Magic Number
jsoup,org.jsoup.nodes,EntitiesTest,caseSensitive,Long Statement
jsoup,org.jsoup.nodes,FormElementTest,hasAssociatedControls,Long Statement
jsoup,org.jsoup.nodes,FormElementTest,hasAssociatedControls,Magic Number
jsoup,org.jsoup.nodes,FormElementTest,createsFormData,Long Statement
jsoup,org.jsoup.nodes,FormElementTest,createsFormData,Magic Number
jsoup,org.jsoup.nodes,FormElementTest,createsFormData,Magic Number
jsoup,org.jsoup.nodes,FormElementTest,createsFormData,Magic Number
jsoup,org.jsoup.nodes,FormElementTest,createsFormData,Magic Number
jsoup,org.jsoup.nodes,FormElementTest,createsFormData,Magic Number
jsoup,org.jsoup.nodes,FormElementTest,actionWithNoBaseUri,Long Statement
jsoup,org.jsoup.nodes,FormElementTest,adoptedFormsRetainInputs,Long Statement
jsoup,org.jsoup.nodes,FormElementTest,adoptedFormsRetainInputs,Magic Number
jsoup,org.jsoup.nodes,FormElementTest,adoptedFormsRetainInputs,Magic Number
jsoup,org.jsoup.nodes,FormElementTest,removeFormElement,Long Statement
jsoup,org.jsoup.nodes,FormElementTest,removeFormElement,Magic Number
jsoup,org.jsoup.nodes,NodeTest,nodeIsNotASiblingOfItself,Magic Number
jsoup,org.jsoup.nodes,NodeTest,childNodesCopy,Long Statement
jsoup,org.jsoup.nodes,NodeTest,childNodesCopy,Magic Number
jsoup,org.jsoup.nodes,TextNodeTest,testTextBean,Magic Number
jsoup,org.jsoup.nodes,TextNodeTest,testSplitText,Magic Number
jsoup,org.jsoup.nodes,TextNodeTest,testSplitAnEmbolden,Magic Number
jsoup,org.jsoup.nodes,TextNodeTest,testWithSupplementaryCharacter,Magic Number
jsoup,org.jsoup.nodes,TextNodeTest,testWithSupplementaryCharacter,Magic Number
jsoup,org.jsoup.parser,CharacterReader,consumeData,Missing default
jsoup,org.jsoup.parser,CharacterReader,consumeTagName,Complex Method
jsoup,org.jsoup.parser,CharacterReader,consumeLetterSequence,Complex Conditional
jsoup,org.jsoup.parser,CharacterReader,consumeLetterThenDigitSequence,Complex Conditional
jsoup,org.jsoup.parser,CharacterReader,consumeHexSequence,Complex Conditional
jsoup,org.jsoup.parser,CharacterReader,cacheString,Magic Number
jsoup,org.jsoup.parser,HtmlTreeBuilder,parseFragment,Complex Method
jsoup,org.jsoup.parser,HtmlTreeBuilder,parseFragment,Long Statement
jsoup,org.jsoup.parser,HtmlTreeBuilder,error,Long Statement
jsoup,org.jsoup.parser,HtmlTreeBuilder,resetInsertionMode,Complex Conditional
jsoup,org.jsoup.parser,HtmlTreeBuilder,resetInsertionMode,Complex Conditional
jsoup,org.jsoup.parser,HtmlTreeBuilder,resetInsertionMode,Complex Method
jsoup,org.jsoup.parser,HtmlTreeBuilder,generateImpliedEndTags,Long Statement
jsoup,org.jsoup.parser,HtmlTreeBuilder,pushActiveFormattingElements,Magic Number
jsoup,org.jsoup.parser,HtmlTreeBuilder,reconstructFormattingElements,Complex Method
jsoup,org.jsoup.parser,Tag,equals,Complex Method
jsoup,org.jsoup.parser,Tag,hashCode,Magic Number
jsoup,org.jsoup.parser,Tag,hashCode,Magic Number
jsoup,org.jsoup.parser,Tag,hashCode,Magic Number
jsoup,org.jsoup.parser,Tag,hashCode,Magic Number
jsoup,org.jsoup.parser,Tag,hashCode,Magic Number
jsoup,org.jsoup.parser,Tag,hashCode,Magic Number
jsoup,org.jsoup.parser,Tag,hashCode,Magic Number
jsoup,org.jsoup.parser,Tag,hashCode,Magic Number
jsoup,org.jsoup.parser,Token,newAttribute,Long Statement
jsoup,org.jsoup.parser,Tag,newAttribute,Long Statement
jsoup,org.jsoup.parser,Tokeniser,consumeCharacterReference,Complex Conditional
jsoup,org.jsoup.parser,Tokeniser,consumeCharacterReference,Complex Conditional
jsoup,org.jsoup.parser,Tokeniser,consumeCharacterReference,Complex Method
jsoup,org.jsoup.parser,Tokeniser,consumeCharacterReference,Empty catch clause
jsoup,org.jsoup.parser,Tokeniser,consumeCharacterReference,Magic Number
jsoup,org.jsoup.parser,Tokeniser,consumeCharacterReference,Magic Number
jsoup,org.jsoup.parser,Tokeniser,consumeCharacterReference,Magic Number
jsoup,org.jsoup.parser,Tokeniser,consumeCharacterReference,Magic Number
jsoup,org.jsoup.parser,Tokeniser,consumeCharacterReference,Magic Number
jsoup,org.jsoup.parser,Tokeniser,consumeCharacterReference,Magic Number
jsoup,org.jsoup.parser,Tokeniser,error,Long Statement
jsoup,org.jsoup.parser,Tokeniser,eofError,Long Statement
jsoup,org.jsoup.parser,Tokeniser,unescapeEntities,Magic Number
jsoup,org.jsoup.parser,TokenQueue,matchesStartTag,Magic Number
jsoup,org.jsoup.parser,TokenQueue,chompBalanced,Complex Conditional
jsoup,org.jsoup.parser,TokenQueue,chompBalanced,Complex Conditional
jsoup,org.jsoup.parser,TokenQueue,chompBalanced,Complex Method
jsoup,org.jsoup.parser,TreeBuilder,initialiseParse,Magic Number
jsoup,org.jsoup.parser,XmlTreeBuilder,process,Missing default
jsoup,org.jsoup.parser,XmlTreeBuilder,insert,Long Statement
jsoup,org.jsoup.parser,AttributeParseTest,parsesRoughAttributeString,Magic Number
jsoup,org.jsoup.parser,AttributeParseTest,handlesNewLinesAndReturns,Magic Number
jsoup,org.jsoup.parser,AttributeParseTest,parsesBooleanAttributes,Magic Number
jsoup,org.jsoup.parser,AttributeParseTest,parsesBooleanAttributes,Magic Number
jsoup,org.jsoup.parser,CharacterReaderTest,nextIndexOfChar,Magic Number
jsoup,org.jsoup.parser,CharacterReaderTest,nextIndexOfChar,Magic Number
jsoup,org.jsoup.parser,CharacterReaderTest,nextIndexOfString,Magic Number
jsoup,org.jsoup.parser,CharacterReaderTest,nextIndexOfString,Magic Number
jsoup,org.jsoup.parser,CharacterReaderTest,rangeEquals,Magic Number
jsoup,org.jsoup.parser,CharacterReaderTest,rangeEquals,Magic Number
jsoup,org.jsoup.parser,CharacterReaderTest,rangeEquals,Magic Number
jsoup,org.jsoup.parser,CharacterReaderTest,rangeEquals,Magic Number
jsoup,org.jsoup.parser,CharacterReaderTest,rangeEquals,Magic Number
jsoup,org.jsoup.parser,CharacterReaderTest,rangeEquals,Magic Number
jsoup,org.jsoup.parser,CharacterReaderTest,rangeEquals,Magic Number
jsoup,org.jsoup.parser,CharacterReaderTest,rangeEquals,Magic Number
jsoup,org.jsoup.parser,CharacterReaderTest,rangeEquals,Magic Number
jsoup,org.jsoup.parser,CharacterReaderTest,rangeEquals,Magic Number
jsoup,org.jsoup.parser,CharacterReaderTest,rangeEquals,Magic Number
jsoup,org.jsoup.parser,CharacterReaderTest,rangeEquals,Magic Number
jsoup,org.jsoup.parser,CharacterReaderTest,rangeEquals,Magic Number
jsoup,org.jsoup.parser,CharacterReaderTest,rangeEquals,Magic Number
jsoup,org.jsoup.parser,CharacterReaderTest,rangeEquals,Magic Number
jsoup,org.jsoup.parser,CharacterReaderTest,notEmptyAtBufferSplitPoint,Magic Number
jsoup,org.jsoup.parser,CharacterReaderTest,bufferUp,Magic Number
jsoup,org.jsoup.parser,HtmlParserTest,parsesRoughAttributes,Long Statement
jsoup,org.jsoup.parser,HtmlParserTest,dropsDuplicateAttributes,Magic Number
jsoup,org.jsoup.parser,HtmlParserTest,parsesUnterminatedOption,Magic Number
jsoup,org.jsoup.parser,HtmlParserTest,testSelectWithOption,Magic Number
jsoup,org.jsoup.parser,HtmlParserTest,createsDocumentStructure,Magic Number
jsoup,org.jsoup.parser,HtmlParserTest,createsDocumentStructure,Magic Number
jsoup,org.jsoup.parser,HtmlParserTest,handlesTextAfterData,Long Statement
jsoup,org.jsoup.parser,HtmlParserTest,doesNotCreateImplicitLists,Magic Number
jsoup,org.jsoup.parser,HtmlParserTest,doesNotCreateImplicitLists,Magic Number
jsoup,org.jsoup.parser,HtmlParserTest,doesNotCreateImplicitLists,Magic Number
jsoup,org.jsoup.parser,HtmlParserTest,handlesNestedImplicitTable,Long Statement
jsoup,org.jsoup.parser,HtmlParserTest,handlesNestedImplicitTable,Long Statement
jsoup,org.jsoup.parser,HtmlParserTest,handlesWhatWgExpensesTableExample,Long Statement
jsoup,org.jsoup.parser,HtmlParserTest,handlesWhatWgExpensesTableExample,Long Statement
jsoup,org.jsoup.parser,HtmlParserTest,handlesTbodyTable,Long Statement
jsoup,org.jsoup.parser,HtmlParserTest,handlesTbodyTable,Long Statement
jsoup,org.jsoup.parser,HtmlParserTest,handlesImplicitCaptionClose,Long Statement
jsoup,org.jsoup.parser,HtmlParserTest,noTableDirectInTable,Long Statement
jsoup,org.jsoup.parser,HtmlParserTest,ignoresDupeEndTrTag,Long Statement
jsoup,org.jsoup.parser,HtmlParserTest,ignoresDupeEndTrTag,Long Statement
jsoup,org.jsoup.parser,HtmlParserTest,handlesBaseTags,Magic Number
jsoup,org.jsoup.parser,HtmlParserTest,handlesBaseTags,Magic Number
jsoup,org.jsoup.parser,HtmlParserTest,handlesBaseTags,Magic Number
jsoup,org.jsoup.parser,HtmlParserTest,handleCDataInText,Magic Number
jsoup,org.jsoup.parser,HtmlParserTest,cdataNodesAreTextNodes,Magic Number
jsoup,org.jsoup.parser,HtmlParserTest,handlesUnknownTags,Magic Number
jsoup,org.jsoup.parser,HtmlParserTest,parsesBodyFragment,Long Statement
jsoup,org.jsoup.parser,HtmlParserTest,handlesUnknownNamespaceTags,Long Statement
jsoup,org.jsoup.parser,HtmlParserTest,handlesKnownEmptyBlocks,Long Statement
jsoup,org.jsoup.parser,HtmlParserTest,handlesKnownEmptyBlocks,Long Statement
jsoup,org.jsoup.parser,HtmlParserTest,handlesKnownEmptyNoFrames,Long Statement
jsoup,org.jsoup.parser,HtmlParserTest,handlesKnownEmptyStyle,Long Statement
jsoup,org.jsoup.parser,HtmlParserTest,handlesKnownEmptyTitle,Long Statement
jsoup,org.jsoup.parser,HtmlParserTest,handlesKnownEmptyIframe,Long Statement
jsoup,org.jsoup.parser,HtmlParserTest,handlesMultiClosingBody,Magic Number
jsoup,org.jsoup.parser,HtmlParserTest,handlesMultiClosingBody,Magic Number
jsoup,org.jsoup.parser,HtmlParserTest,handlesUnclosedDefinitionLists,Magic Number
jsoup,org.jsoup.parser,HtmlParserTest,handlesUnclosedDefinitionLists,Magic Number
jsoup,org.jsoup.parser,HtmlParserTest,handlesBlocksInDefinitions,Long Statement
jsoup,org.jsoup.parser,HtmlParserTest,handlesFrames,Long Statement
jsoup,org.jsoup.parser,HtmlParserTest,handlesFrames,Long Statement
jsoup,org.jsoup.parser,HtmlParserTest,ignoresContentAfterFrameset,Long Statement
jsoup,org.jsoup.parser,HtmlParserTest,handlesJavadocFont,Long Statement
jsoup,org.jsoup.parser,HtmlParserTest,normalisesDocument,Long Statement
jsoup,org.jsoup.parser,HtmlParserTest,normalisesHeadlessBody,Long Statement
jsoup,org.jsoup.parser,HtmlParserTest,normalisedBodyAfterContent,Long Statement
jsoup,org.jsoup.parser,HtmlParserTest,testHgroup,Long Statement
jsoup,org.jsoup.parser,HtmlParserTest,testHgroup,Long Statement
jsoup,org.jsoup.parser,HtmlParserTest,testHeaderContents,Long Statement
jsoup,org.jsoup.parser,HtmlParserTest,testNoImagesInNoScriptInHead,Long Statement
jsoup,org.jsoup.parser,HtmlParserTest,handlesUnexpectedMarkupInTables,Long Statement
jsoup,org.jsoup.parser,HtmlParserTest,handlesUnclosedFormattingElements,Long Statement
jsoup,org.jsoup.parser,HtmlParserTest,handlesUnclosedFormattingElements,Long Statement
jsoup,org.jsoup.parser,HtmlParserTest,reconstructFormattingElements,Long Statement
jsoup,org.jsoup.parser,HtmlParserTest,reconstructFormattingElementsInTable,Long Statement
jsoup,org.jsoup.parser,HtmlParserTest,commentBeforeHtml,Long Statement
jsoup,org.jsoup.parser,HtmlParserTest,handlesWhitespaceInoDocType,Long Statement
jsoup,org.jsoup.parser,HtmlParserTest,handlesWhitespaceInoDocType,Long Statement
jsoup,org.jsoup.parser,HtmlParserTest,tracksErrorsWhenRequested,Magic Number
jsoup,org.jsoup.parser,HtmlParserTest,tracksErrorsWhenRequested,Magic Number
jsoup,org.jsoup.parser,HtmlParserTest,tracksErrorsWhenRequested,Magic Number
jsoup,org.jsoup.parser,HtmlParserTest,tracksErrorsWhenRequested,Magic Number
jsoup,org.jsoup.parser,HtmlParserTest,tracksErrorsWhenRequested,Magic Number
jsoup,org.jsoup.parser,HtmlParserTest,tracksLimitedErrorsWhenRequested,Magic Number
jsoup,org.jsoup.parser,HtmlParserTest,tracksLimitedErrorsWhenRequested,Magic Number
jsoup,org.jsoup.parser,HtmlParserTest,tracksLimitedErrorsWhenRequested,Magic Number
jsoup,org.jsoup.parser,HtmlParserTest,handlesCommentsInTable,Long Statement
jsoup,org.jsoup.parser,HtmlParserTest,handlesQuotesInCommentsInScripts,Long Statement
jsoup,org.jsoup.parser,HtmlParserTest,handleNullContextInParseFragment,Long Statement
jsoup,org.jsoup.parser,HtmlParserTest,handlesXmlDeclarationAsBogusComment,Long Statement
jsoup,org.jsoup.parser,HtmlParserTest,createsFormElements,Magic Number
jsoup,org.jsoup.parser,HtmlParserTest,associatedFormControlsWithDisjointForms,Long Statement
jsoup,org.jsoup.parser,HtmlParserTest,associatedFormControlsWithDisjointForms,Magic Number
jsoup,org.jsoup.parser,HtmlParserTest,handlesInputInTable,Long Statement
jsoup,org.jsoup.parser,HtmlParserTest,handlesInputInTable,Magic Number
jsoup,org.jsoup.parser,HtmlParserTest,handlesInvalidDoctypes,Long Statement
jsoup,org.jsoup.parser,HtmlParserTest,handlesInvalidDoctypes,Long Statement
jsoup,org.jsoup.parser,HtmlParserTest,handlesManyChildren,Magic Number
jsoup,org.jsoup.parser,HtmlParserTest,handlesManyChildren,Magic Number
jsoup,org.jsoup.parser,HtmlParserTest,handlesManyChildren,Magic Number
jsoup,org.jsoup.parser,HtmlParserTest,handlesManyChildren,Magic Number
jsoup,org.jsoup.parser,HtmlParserTest,handlesDeepStack,Magic Number
jsoup,org.jsoup.parser,HtmlParserTest,handlesDeepStack,Magic Number
jsoup,org.jsoup.parser,HtmlParserTest,handlesDeepStack,Magic Number
jsoup,org.jsoup.parser,HtmlParserTest,handlesDeepStack,Magic Number
jsoup,org.jsoup.parser,HtmlParserTest,handlesDeepStack,Magic Number
jsoup,org.jsoup.parser,HtmlParserTest,handlesDeepStack,Magic Number
jsoup,org.jsoup.parser,HtmlParserTest,testNormalisesIsIndex,Long Statement
jsoup,org.jsoup.parser,HtmlParserTest,testReinsertionModeForThCelss,Long Statement
jsoup,org.jsoup.parser,HtmlParserTest,testFragment,Long Statement
jsoup,org.jsoup.parser,HtmlParserTest,testFragment,Long Statement
jsoup,org.jsoup.parser,HtmlParserTest,testHtmlLowerCase,Long Statement
jsoup,org.jsoup.parser,HtmlParserTest,canPreserveTagCase,Long Statement
jsoup,org.jsoup.parser,HtmlParserTest,canPreserveAttributeCase,Long Statement
jsoup,org.jsoup.parser,HtmlParserTest,canPreserveBothCase,Long Statement
jsoup,org.jsoup.parser,HtmlParserTest,selfClosingVoidIsNotAnError,Magic Number
jsoup,org.jsoup.parser,HtmlParserTest,selfClosingOnNonvoidIsError,Magic Number
jsoup,org.jsoup.parser,HtmlParserTest,testHandlesDeepSpans,Magic Number
jsoup,org.jsoup.parser,HtmlParserTest,testHandlesDeepSpans,Magic Number
jsoup,org.jsoup.parser,HtmlParserTest,handlesXmlDeclAndCommentsBeforeDoctype,Long Statement
jsoup,org.jsoup.parser,HtmlParserTest,characterReaderBuffer,Magic Number
jsoup,org.jsoup.parser,HtmlTreeBuilderStateTest,ensureArraysAreSorted,Long Statement
jsoup,org.jsoup.parser,HtmlTreeBuilderTest,ensureSearchArraysAreSorted,Long Statement
jsoup,org.jsoup.parser,ParserTest,unescapeEntitiesHandlesLargeInput,Magic Number
jsoup,org.jsoup.parser,ParserTest,unescapeEntitiesHandlesLargeInput,Magic Number
jsoup,org.jsoup.parser,ParserTest,unescapeEntitiesHandlesLargeInput,Magic Number
jsoup,org.jsoup.parser,TokeniserStateTest,ensureSearchArraysAreSorted,Long Statement
jsoup,org.jsoup.parser,TokeniserStateTest,testPublicIdentifiersWithWhitespace,Long Statement
jsoup,org.jsoup.parser,TokeniserStateTest,testSystemIdentifiersWithWhitespace,Long Statement
jsoup,org.jsoup.parser,TokeniserStateTest,testPublicAndSystemIdentifiersWithWhitespace,Long Statement
jsoup,org.jsoup.parser,TokeniserStateTest,testPublicAndSystemIdentifiersWithWhitespace,Long Statement
jsoup,org.jsoup.parser,TokeniserTest,cp1252EntitiesProduceError,Magic Number
jsoup,org.jsoup.parser,TokenQueueTest,testNestedQuotes,Long Statement
jsoup,org.jsoup.parser,TokenQueueTest,testNestedQuotes,Long Statement
jsoup,org.jsoup.parser,XmlTreeBuilderTest,testSimpleXmlParse,Long Statement
jsoup,org.jsoup.parser,XmlTreeBuilderTest,handlesXmlDeclarationAsDeclaration,Long Statement
jsoup,org.jsoup.parser,XmlTreeBuilderTest,handlesXmlDeclarationAsDeclaration,Magic Number
jsoup,org.jsoup.parser,XmlTreeBuilderTest,xmlFragment,Magic Number
jsoup,org.jsoup.parser,XmlTreeBuilderTest,testCreatesValidProlog,Long Statement
jsoup,org.jsoup.parser,XmlTreeBuilderTest,dropsDuplicateAttributes,Long Statement
jsoup,org.jsoup.parser,XmlTreeBuilderTest,dropsDuplicateAttributes,Magic Number
jsoup,org.jsoup.safety,Whitelist,basic,Long Statement
jsoup,org.jsoup.safety,Whitelist,basicWithImages,Long Statement
jsoup,org.jsoup.safety,Whitelist,relaxed,Long Statement
jsoup,org.jsoup.safety,Whitelist,hashCode,Magic Number
jsoup,org.jsoup.safety,TypedValue,hashCode,Magic Number
jsoup,org.jsoup.safety,CleanerTest,basicBehaviourTest,Long Statement
jsoup,org.jsoup.safety,CleanerTest,basicBehaviourTest,Long Statement
jsoup,org.jsoup.safety,CleanerTest,testRelaxed,Long Statement
jsoup,org.jsoup.safety,CleanerTest,testRemoveEnforcedAttributes,Long Statement
jsoup,org.jsoup.safety,CleanerTest,resolvesRelativeLinks,Long Statement
jsoup,org.jsoup.safety,CleanerTest,handlesFramesets,Long Statement
jsoup,org.jsoup.select,Evaluator,AttributeKeyPair,Complex Conditional
jsoup,org.jsoup.select,Evaluator,matches,Complex Conditional
jsoup,org.jsoup.select,Evaluator,matches,Long Statement
jsoup,org.jsoup.select,AttributeKeyPair,AttributeKeyPair,Complex Conditional
jsoup,org.jsoup.select,IsEmpty,matches,Complex Conditional
jsoup,org.jsoup.select,MatchText,matches,Long Statement
jsoup,org.jsoup.select,NodeTraversor,filter,Complex Method
jsoup,org.jsoup.select,QueryParser,combinator,Complex Method
jsoup,org.jsoup.select,QueryParser,combinator,Long Statement
jsoup,org.jsoup.select,QueryParser,combinator,Long Statement
jsoup,org.jsoup.select,QueryParser,combinator,Long Statement
jsoup,org.jsoup.select,QueryParser,findElements,Complex Method
jsoup,org.jsoup.select,QueryParser,findElements,Long Statement
jsoup,org.jsoup.select,QueryParser,byTag,Long Statement
jsoup,org.jsoup.select,QueryParser,byAttribute,Complex Method
jsoup,org.jsoup.select,QueryParser,byAttribute,Long Statement
jsoup,org.jsoup.select,QueryParser,cssNthChild,Complex Method
jsoup,org.jsoup.select,QueryParser,cssNthChild,Magic Number
jsoup,org.jsoup.select,QueryParser,cssNthChild,Magic Number
jsoup,org.jsoup.select,QueryParser,cssNthChild,Magic Number
jsoup,org.jsoup.select,QueryParser,cssNthChild,Magic Number
jsoup,org.jsoup.select,QueryParser,cssNthChild,Magic Number
jsoup,org.jsoup.select,CssTest,initClass,Magic Number
jsoup,org.jsoup.select,CssTest,initClass,Magic Number
jsoup,org.jsoup.select,CssTest,nthChild_simple,Magic Number
jsoup,org.jsoup.select,CssTest,nthOfType_unknownTag,Magic Number
jsoup,org.jsoup.select,CssTest,nthLastChild_simple,Magic Number
jsoup,org.jsoup.select,CssTest,nthLastChild_simple,Magic Number
jsoup,org.jsoup.select,CssTest,nthOfType_simple,Magic Number
jsoup,org.jsoup.select,CssTest,nthLastOfType_simple,Long Statement
jsoup,org.jsoup.select,CssTest,nthLastOfType_simple,Magic Number
jsoup,org.jsoup.select,CssTest,nthLastOfType_simple,Magic Number
jsoup,org.jsoup.select,CssTest,nthLastOfType_simple,Magic Number
jsoup,org.jsoup.select,CssTest,nthLastOfType_simple,Magic Number
jsoup,org.jsoup.select,CssTest,nthLastOfType_simple,Magic Number
jsoup,org.jsoup.select,CssTest,empty,Magic Number
jsoup,org.jsoup.select,CssTest,empty,Magic Number
jsoup,org.jsoup.select,CssTest,onlyOfType,Magic Number
jsoup,org.jsoup.select,CssTest,onlyOfType,Magic Number
jsoup,org.jsoup.select,CssTest,onlyOfType,Magic Number
jsoup,org.jsoup.select,CssTest,onlyOfType,Magic Number
jsoup,org.jsoup.select,CssTest,onlyOfType,Magic Number
jsoup,org.jsoup.select,CssTest,onlyOfType,Magic Number
jsoup,org.jsoup.select,ElementsTest,filter,Magic Number
jsoup,org.jsoup.select,ElementsTest,attributes,Magic Number
jsoup,org.jsoup.select,ElementsTest,attributes,Magic Number
jsoup,org.jsoup.select,ElementsTest,attributes,Magic Number
jsoup,org.jsoup.select,ElementsTest,hasClassCaseInsensitive,Magic Number
jsoup,org.jsoup.select,ElementsTest,val,Magic Number
jsoup,org.jsoup.select,ElementsTest,before,Long Statement
jsoup,org.jsoup.select,ElementsTest,after,Long Statement
jsoup,org.jsoup.select,ElementsTest,wrapDiv,Long Statement
jsoup,org.jsoup.select,ElementsTest,parents,Magic Number
jsoup,org.jsoup.select,ElementsTest,parents,Magic Number
jsoup,org.jsoup.select,ElementsTest,forms,Magic Number
jsoup,org.jsoup.select,ElementsTest,forms,Magic Number
jsoup,org.jsoup.select,ElementsTest,siblings,Magic Number
jsoup,org.jsoup.select,ElementsTest,siblings,Magic Number
jsoup,org.jsoup.select,ElementsTest,siblings,Magic Number
jsoup,org.jsoup.select,ElementsTest,siblings,Magic Number
jsoup,org.jsoup.select,ElementsTest,siblings,Magic Number
jsoup,org.jsoup.select,ElementsTest,eachText,Magic Number
jsoup,org.jsoup.select,ElementsTest,eachText,Magic Number
jsoup,org.jsoup.select,ElementsTest,eachText,Magic Number
jsoup,org.jsoup.select,ElementsTest,eachText,Magic Number
jsoup,org.jsoup.select,ElementsTest,eachText,Magic Number
jsoup,org.jsoup.select,ElementsTest,eachText,Magic Number
jsoup,org.jsoup.select,ElementsTest,eachAttr,Long Statement
jsoup,org.jsoup.select,ElementsTest,eachAttr,Magic Number
jsoup,org.jsoup.select,ElementsTest,eachAttr,Magic Number
jsoup,org.jsoup.select,ElementsTest,eachAttr,Magic Number
jsoup,org.jsoup.select,ElementsTest,eachAttr,Magic Number
jsoup,org.jsoup.select,ElementsTest,eachAttr,Magic Number
jsoup,org.jsoup.select,ElementsTest,eachAttr,Magic Number
jsoup,org.jsoup.select,QueryParserTest,testOrGetsCorrectPrecedence,Magic Number
jsoup,org.jsoup.select,QueryParserTest,testOrGetsCorrectPrecedence,Magic Number
jsoup,org.jsoup.select,QueryParserTest,testParsesMultiCorrectly,Magic Number
jsoup,org.jsoup.select,QueryParserTest,testParsesMultiCorrectly,Magic Number
jsoup,org.jsoup.select,QueryParserTest,testParsesMultiCorrectly,Magic Number
jsoup,org.jsoup.select,SelectorTest,testByTag,Magic Number
jsoup,org.jsoup.select,SelectorTest,testByTag,Magic Number
jsoup,org.jsoup.select,SelectorTest,testById,Magic Number
jsoup,org.jsoup.select,SelectorTest,testByClass,Magic Number
jsoup,org.jsoup.select,SelectorTest,testByClassCaseInsensitive,Magic Number
jsoup,org.jsoup.select,SelectorTest,testByAttribute,Long Statement
jsoup,org.jsoup.select,SelectorTest,testByAttribute,Magic Number
jsoup,org.jsoup.select,SelectorTest,testByAttribute,Magic Number
jsoup,org.jsoup.select,SelectorTest,testByAttribute,Magic Number
jsoup,org.jsoup.select,SelectorTest,testByAttribute,Magic Number
jsoup,org.jsoup.select,SelectorTest,testByAttribute,Magic Number
jsoup,org.jsoup.select,SelectorTest,testNamespacedTag,Magic Number
jsoup,org.jsoup.select,SelectorTest,testNamespacedTag,Magic Number
jsoup,org.jsoup.select,SelectorTest,testWildcardNamespacedTag,Magic Number
jsoup,org.jsoup.select,SelectorTest,testWildcardNamespacedTag,Magic Number
jsoup,org.jsoup.select,SelectorTest,testByAttributeStarting,Magic Number
jsoup,org.jsoup.select,SelectorTest,testByAttributeRegex,Long Statement
jsoup,org.jsoup.select,SelectorTest,testByAttributeRegex,Magic Number
jsoup,org.jsoup.select,SelectorTest,testByAttributeRegex,Magic Number
jsoup,org.jsoup.select,SelectorTest,testByAttributeRegexCharacterClass,Long Statement
jsoup,org.jsoup.select,SelectorTest,testByAttributeRegexCharacterClass,Magic Number
jsoup,org.jsoup.select,SelectorTest,testAllElements,Magic Number
jsoup,org.jsoup.select,SelectorTest,testAllElements,Magic Number
jsoup,org.jsoup.select,SelectorTest,testAllWithClass,Magic Number
jsoup,org.jsoup.select,SelectorTest,testGroupOr,Magic Number
jsoup,org.jsoup.select,SelectorTest,testGroupOr,Magic Number
jsoup,org.jsoup.select,SelectorTest,testGroupOr,Magic Number
jsoup,org.jsoup.select,SelectorTest,testGroupOr,Magic Number
jsoup,org.jsoup.select,SelectorTest,testGroupOr,Magic Number
jsoup,org.jsoup.select,SelectorTest,testGroupOr,Magic Number
jsoup,org.jsoup.select,SelectorTest,testGroupOrAttribute,Magic Number
jsoup,org.jsoup.select,SelectorTest,testGroupOrAttribute,Magic Number
jsoup,org.jsoup.select,SelectorTest,descendant,Magic Number
jsoup,org.jsoup.select,SelectorTest,deeperDescendant,Long Statement
jsoup,org.jsoup.select,SelectorTest,parentChildElement,Magic Number
jsoup,org.jsoup.select,SelectorTest,parentWithClassChild,Magic Number
jsoup,org.jsoup.select,SelectorTest,parentWithClassChild,Magic Number
jsoup,org.jsoup.select,SelectorTest,parentChildStar,Magic Number
jsoup,org.jsoup.select,SelectorTest,parentChildStar,Magic Number
jsoup,org.jsoup.select,SelectorTest,caseInsensitive,Magic Number
jsoup,org.jsoup.select,SelectorTest,adjacentSiblings,Magic Number
jsoup,org.jsoup.select,SelectorTest,mixCombinator,Magic Number
jsoup,org.jsoup.select,SelectorTest,mixCombinatorGroup,Magic Number
jsoup,org.jsoup.select,SelectorTest,mixCombinatorGroup,Magic Number
jsoup,org.jsoup.select,SelectorTest,testSupportsLeadingCombinator,Magic Number
jsoup,org.jsoup.select,SelectorTest,testPseudoLessThan,Magic Number
jsoup,org.jsoup.select,SelectorTest,testPseudoLessThan,Magic Number
jsoup,org.jsoup.select,SelectorTest,testPseudoGreaterThan,Magic Number
jsoup,org.jsoup.select,SelectorTest,testPseudoEquals,Magic Number
jsoup,org.jsoup.select,SelectorTest,testPseudoHas,Long Statement
jsoup,org.jsoup.select,SelectorTest,testPseudoHas,Magic Number
jsoup,org.jsoup.select,SelectorTest,testPseudoHas,Magic Number
jsoup,org.jsoup.select,SelectorTest,testPseudoHas,Magic Number
jsoup,org.jsoup.select,SelectorTest,testPseudoHas,Magic Number
jsoup,org.jsoup.select,SelectorTest,testPseudoHas,Magic Number
jsoup,org.jsoup.select,SelectorTest,testPseudoHas,Magic Number
jsoup,org.jsoup.select,SelectorTest,testPseudoContains,Magic Number
jsoup,org.jsoup.select,SelectorTest,testPseudoContains,Magic Number
jsoup,org.jsoup.select,SelectorTest,testPseudoContains,Magic Number
jsoup,org.jsoup.select,SelectorTest,testPseudoContains,Magic Number
jsoup,org.jsoup.select,SelectorTest,testMatches,Long Statement
jsoup,org.jsoup.select,SelectorTest,notParas,Magic Number
jsoup,org.jsoup.select,SelectorTest,notParas,Magic Number
jsoup,org.jsoup.select,SelectorTest,notAll,Magic Number
jsoup,org.jsoup.select,SelectorTest,handlesCommasInSelector,Magic Number
jsoup,org.jsoup.select,SelectorTest,selectSupplementaryCharacter,Magic Number
jsoup,org.jsoup.select,SelectorTest,selectClassWithSpace,Magic Number
jsoup,org.jsoup.select,SelectorTest,selectClassWithSpace,Magic Number
jsoup,org.jsoup.select,SelectorTest,selectSameElements,Magic Number
jsoup,org.jsoup.select,SelectorTest,selectSameElements,Magic Number
jsoup,org.jsoup.select,SelectorTest,containsData,Magic Number
jsoup,org.jsoup.select,SelectorTest,containsData,Magic Number
jsoup,org.jsoup.select,SelectorTest,containsData,Magic Number
jsoup,org.jsoup.select,SelectorTest,splitOnBr,Magic Number
jsoup,org.jsoup.select,SelectorTest,splitOnBr,Magic Number
jsoup,org.jsoup.integration,Benchmark,run,Magic Number
jsoup,org.jsoup.integration,Benchmark,run,Magic Number
jsoup,org.jsoup.integration,Benchmark,run,Magic Number
jsoup,org.jsoup.integration,ConnectIT,canInterruptBodyStringRead,Magic Number
jsoup,org.jsoup.integration,ConnectIT,canInterruptBodyStringRead,Magic Number
jsoup,org.jsoup.integration,ConnectIT,canInterruptBodyStringRead,Magic Number
jsoup,org.jsoup.integration,ConnectIT,canInterruptBodyStringRead,Magic Number
jsoup,org.jsoup.integration,ConnectIT,run,Magic Number
jsoup,org.jsoup.integration,ConnectIT,run,Magic Number
jsoup,org.jsoup.integration,ConnectIT,canInterruptDocumentRead,Magic Number
jsoup,org.jsoup.integration,ConnectIT,canInterruptDocumentRead,Magic Number
jsoup,org.jsoup.integration,ConnectIT,canInterruptDocumentRead,Magic Number
jsoup,org.jsoup.integration,ConnectIT,canInterruptDocumentRead,Magic Number
jsoup,org.jsoup.integration,ConnectIT,run,Magic Number
jsoup,org.jsoup.integration,ConnectIT,run,Magic Number
jsoup,org.jsoup.integration,ConnectIT,totalTimeout,Magic Number
jsoup,org.jsoup.integration,ConnectIT,totalTimeout,Magic Number
jsoup,org.jsoup.integration,ConnectIT,totalTimeout,Magic Number
jsoup,org.jsoup.integration,ConnectTest,fetchURl,Magic Number
jsoup,org.jsoup.integration,ConnectTest,fetchURl,Magic Number
jsoup,org.jsoup.integration,ConnectTest,exceptOnUnsupportedProtocol,Empty catch clause
jsoup,org.jsoup.integration,ConnectTest,throwsExceptionOn404,Empty catch clause
jsoup,org.jsoup.integration,ConnectTest,throwsExceptionOn404,Magic Number
jsoup,org.jsoup.integration,ConnectTest,ignoresExceptionIfSoConfigured,Magic Number
jsoup,org.jsoup.integration,ConnectTest,doesPostMultipartWithoutInputstream,Long Statement
jsoup,org.jsoup.integration,ConnectTest,sendsRequestBodyJsonWithData,Long Statement
jsoup,org.jsoup.integration,ConnectTest,sendsRequestBodyJsonWithoutData,Long Statement
jsoup,org.jsoup.integration,ConnectTest,sendsRequestBodyWithUrlParams,Long Statement
jsoup,org.jsoup.integration,ConnectTest,doesGet,Long Statement
jsoup,org.jsoup.integration,ConnectTest,doesPut,Long Statement
jsoup,org.jsoup.integration,ConnectTest,postFiles,Long Statement
jsoup,org.jsoup.integration,ConnectTest,bodyAndBytesAvailableBeforeParse,Magic Number
jsoup,org.jsoup.integration,ConnectTest,multiCookieSet,Long Statement
jsoup,org.jsoup.integration,ConnectTest,handlesEmptyStreamDuringParseRead,Magic Number
jsoup,org.jsoup.integration,ConnectTest,handlesEmtpyStreamDuringBufferedRead,Magic Number
jsoup,org.jsoup.integration,ConnectTest,doesNotPostFor302,Long Statement
jsoup,org.jsoup.integration,ConnectTest,doesPostFor307,Long Statement
jsoup,org.jsoup.integration,ConnectTest,canFetchBinaryAsBytes,Long Statement
jsoup,org.jsoup.integration,ConnectTest,canFetchBinaryAsBytes,Magic Number
jsoup,org.jsoup.integration,ParseTest,testSmhBizArticle,Long Statement
jsoup,org.jsoup.integration,ParseTest,testSmhBizArticle,Magic Number
jsoup,org.jsoup.integration,ParseTest,testNewsHomepage,Long Statement
jsoup,org.jsoup.integration,ParseTest,testGoogleSearchIpod,Long Statement
jsoup,org.jsoup.integration,ParseTest,testGoogleSearchIpod,Magic Number
jsoup,org.jsoup.integration,ParseTest,testYahooJp,Long Statement
jsoup,org.jsoup.integration,ParseTest,testBaidu,Long Statement
jsoup,org.jsoup.integration,ParseTest,testYahooArticle,Long Statement
jsoup,org.jsoup.integration,ParseTest,testLowercaseUtf8Charset,Magic Number
jsoup,org.jsoup.integration,UrlConnectTest,fetchBaidu,Magic Number
jsoup,org.jsoup.integration,UrlConnectTest,fetchBaidu,Magic Number
jsoup,org.jsoup.integration,UrlConnectTest,exceptOnUnknownContentType,Empty catch clause
jsoup,org.jsoup.integration,UrlConnectTest,exceptOnUnknownContentType,Long Statement
jsoup,org.jsoup.integration,UrlConnectTest,exceptOnUnknownContentType,Magic Number
jsoup,org.jsoup.integration,UrlConnectTest,postRedirectsFetchWithGet,Long Statement
jsoup,org.jsoup.integration,UrlConnectTest,followsRelativeDotRedirect2,Magic Number
jsoup,org.jsoup.integration,UrlConnectTest,ignores500tExceptionIfSoConfigured,Magic Number
jsoup,org.jsoup.integration,UrlConnectTest,ignores500WithNoContentExceptionIfSoConfigured,Magic Number
jsoup,org.jsoup.integration,UrlConnectTest,ignores200WithNoContentExceptionIfSoConfigured,Magic Number
jsoup,org.jsoup.integration,UrlConnectTest,handles200WithNoContent,Long Statement
jsoup,org.jsoup.integration,UrlConnectTest,handles200WithNoContent,Magic Number
jsoup,org.jsoup.integration,UrlConnectTest,handles200WithNoContent,Magic Number
jsoup,org.jsoup.integration,UrlConnectTest,doesntRedirectIfSoConfigured,Magic Number
jsoup,org.jsoup.integration,UrlConnectTest,maxBodySize,Magic Number
jsoup,org.jsoup.integration,UrlConnectTest,maxBodySize,Magic Number
jsoup,org.jsoup.integration,UrlConnectTest,maxBodySize,Magic Number
jsoup,org.jsoup.integration,UrlConnectTest,maxBodySize,Magic Number
jsoup,org.jsoup.integration,UrlConnectTest,maxBodySize,Magic Number
jsoup,org.jsoup.integration,UrlConnectTest,maxBodySize,Magic Number
jsoup,org.jsoup.integration,UrlConnectTest,maxBodySize,Magic Number
jsoup,org.jsoup.integration,UrlConnectTest,maxBodySize,Magic Number
jsoup,org.jsoup.integration,UrlConnectTest,maxBodySize,Magic Number
jsoup,org.jsoup.integration,UrlConnectTest,testUnsafeFail,Long Identifier
jsoup,org.jsoup.integration,UrlConnectTest,fetchHandlesXmlAsHtmlWhenParserSet,Long Statement
jsoup,org.jsoup.integration,UrlConnectTest,combinesSameHeadersWithComma,Magic Number
jsoup,org.jsoup.integration,UrlConnectTest,fetchViaHttpProxy,Magic Number
jsoup,org.jsoup.integration,UrlConnectTest,fetchViaHttpProxySetByArgument,Magic Number
jsoup,org.jsoup.integration,UrlConnectTest,invalidProxyFails,Magic Number
jsoup,org.jsoup.integration,UrlConnectTest,proxyGetAndSet,Magic Number
jsoup,org.jsoup.integration,UrlConnectTest,inWildUtfRedirect,Long Statement
jsoup,org.jsoup.integration,UrlConnectTest,inWildUtfRedirect2,Long Statement
jsoup,org.jsoup.integration,UrlConnectTest,handlesEscapedRedirectUrls,Magic Number
jsoup,org.jsoup.integration,UrlConnectTest,handlesEscapedRedirectUrls,Magic Number
jsoup,org.jsoup.integration,UrlConnectTest,handlesSuperDeepPage,Magic Number
jsoup,org.jsoup.integration,UrlConnectTest,handlesSuperDeepPage,Magic Number
jsoup,org.jsoup.integration.servlets,Deflateservlet,doGet,Long Statement
jsoup,org.jsoup.integration.servlets,EchoServlet,doIt,Complex Method
jsoup,org.jsoup.integration.servlets,EchoServlet,doIt,Long Statement
jsoup,org.jsoup.integration.servlets,InterruptedServlet,doGet,Magic Number
jsoup,org.jsoup.integration.servlets,SlowRider,doGet,Magic Number
